{"foreground_weight": 64.48988340574397, "min_object_size": 1.0, "avg_object_size_z": 9.150893241077362, "avg_object_size_y": 23.806809741605097, "avg_object_size_x": 26.09030139556702, "stdev_object_size_z": 3.7101375552663476, "stdev_object_size_y": 14.149902590303514, "stdev_object_size_x": 18.066828200201577, "n_z": 64.0, "n_y": 256.0, "n_x": 256.0, "one_hot": false, "avg_background_intensity": 2.065945358796252, "project_name": "image_data", "data_type": "16-bit", "pixel_size_x_microns": 0.14, "pixel_size_y_microns": 0.14, "pixel_size_z_microns": 0.33}